title,price,condition,seller,seller_rating
Apple iPhone 14 Pro Max 256GB Unlocked - Excellent,US $580.95,Excellent - Refurbished,BidAllies Store,98.3% positive
Apple iPhone 14 Pro Max 256GB Unlocked - Very Good,US $558.95,Very Good - Refurbished,BidAllies Store,98.3% positive
2024 Brand New Unlocked i16 Pro Max 5G Android Mobile Phone Dual SIM Smart Phone,US $239.99/ea,New,Global LK Online,97.1% positive
2024 i16 Pro Max 5G Smartphone 7.3 inch Dual Sim Android Mobile Phones 16GB+1TB,US $236.44,New,Global LK Online,97.1% positive
Apple iPhone 16 Pro Max 256GB/512GB/1TB ‚úÖUNLOCKED‚úÖSHIPS TODAY‚úÖWORLDWIDE‚úÖSEALED‚úÖ,"US $1,377.00",New,Mick:Trusted for Over a Decade,99.4% positive
Apple iPhone 16 Pro Max 256GB DESERT TITANIUM‚úÖ BNIB üî• APPLE STOREüî•,"GBP 1,099.00",New,elizabethbetty2018,100% positive
Apple iPhone 16 Pro Max A18 Pro 256GB 512GB 1TB Factory Unlocked New Sealed,"US $1,657.07/ea",New,beyond_theworld,96.2% positive
Apple iPhone 16 Pro Max Physical SIM Card Tray - USA 2-DAY SHIP 256GB 512GB 1TB,"C $2,299.00",New,SSIncCA,96.8% positive
Apple iPhone 16 Pro Max 512 GB: Desert Titanium,"GBP 1,259.99",New,tech-01,100% positive
NEW Apple iPhone 16 Pro Max - 256GB - Natural Titanium (Unlocked),"US $1,225.00",Open box,jq.510_spadina,95.7% positive
Apple Iphone 16 Pro Max 1TB,"AU $2,650.00",Open box,StreetfighterAU,92.1% positive
iPhone 16 Pro Max Black Titanium (VERIZON)  Sealed 256GB,US $989.99,New,sales.at.victorydistribution,99.3% positive
"i16 Pro Max New 2024, 5G 7.3"" Dual SIM Android Smartphone 16GB+1TB Phone.-",EUR 161.49,New,Top Global Store,100% positive
New 2024 Android i16 Pro Max 5G Smartphone Global Dual SIM Unlocked Mobile Phone,US $239.99/ea,New,u111san3,100% positive
iPhone 16 Pro Max 512GB White Titanium,"AU $2,449.00",New,Lakembashop-1,78.5% positive
i15 Pro Max Android13 Smartphone 128GB Unlocked Dual SIM Cheap Cell Phone Global,US $92.88,New,ho.tech,94.2% positive
iPhone 16 Pro Max 1TB,"GBP 1,250.00",New,mobitechltd,Contact seller
Apple iPhone 16 Pro Max A18 Pro 256GB 512GB 1TB Factory Unlocked New ‚≠êTracking‚≠ê,"US $1,435.22/ea",New,beyond_theworld,96.2% positive
Apple iPhone 16 Pro Max | Desert Titanium | BRAND NEW SEALED,"GBP 1,049.00",New,asp_786,98% positive
Apple iPhone 16 Pro Max 1TB Titanium Titanium Black-,"EUR 2,349.00",New,Onlinehandel-McQueen,100% positive
iPhone 16 Pro Max 1TB Black Titanium - Unlocked - Sealed New - 1Yr Warranty,GBP 760.00,New,netdealstore,100% positive
Apple iPhone 14 Pro Max 256GB Factory  Unlocked Purple Colour Brand New 100% BH,GBP 549.00,New,mobo.world,98.8% positive
Apple iPhone 16 Pro Max 256GB DESERT TITANIUM,"GBP 1,100.00",New,jaylowry,100% positive
Apple iPhone 16 Pro Max - 512 GB - Black (Unlocked),US $909.00,New,appledealsnsteals,96% positive
Apple iPhone 14 Pro Max 256GB Factory  Unlocked Gold Colour Brand New 100% BH,GBP 519.00,New,mobo.world,98.8% positive
Apple iPhone 16 Pro Max 1TB - White Titanium NEXT DAY DELIVERY Factory Unlocked,"GBP 1,699.00",New,atalnticcity62,100% positive
Apple iPhone 16 Pro Max - 256GB - Desert  Titanium (Unlocked),"GBP 1,099.00",New,Phonehouse2022,98.6% positive
"APPLE 2024 iPHONE 16 PRO MAX 6.9"" 256/512GB/1TB UNLOCKED (A3297 REAL DUAL SIM)","US $2,874.00",New,Sparohawk Online,100% positive
Apple iPhone 14 Pro 256GB Unlocked Good Condition - All Colors,US $519.99,Good - Refurbished,ItsWorthMore,98.7% positive
Apple iPhone 14 Pro Max 512GB Unlocked Very Good Condition - All Colors,US $649.99,Very Good - Refurbished,ItsWorthMore,98.7% positive
iPhone 16 Pro Max Case Glitter Magnetic MagSafe Shockproof Defender Phone Cover,US $22.05,New,FoxMarketBS,97.1% positive
Apple iPhone 14 Pro Max 512GB Unlocked Good Condition - All Colors,US $629.99,Good - Refurbished,ItsWorthMore,98.7% positive
Apple IPhone 16 Pro Max 5G (Unlocked) 512GB Dual SIM 6.9in 48MP Natural Titanium,"US $1,999.00",New,ThreePigs,100% positive
Apple iPhone 14 Pro Max 128GB 256GB 512GB 1TB Unlocked All Colours - Excellent,GBP 689.00,Excellent - Refurbished,Loop_Mobile,98.7% positive
Apple iPhone 16 Pro Max 5G 256GB Sealed-,"EUR 1,260.00",New,joma969,Contact seller
iPhone 16 Pro Max 256 GB - Black Titanium-,GBP 854.43,New,tripcalg_90,98.8% positive
Apple iPhone 16 Pro Max - 256GB - Desert  Titanium (Unlocked),"GBP 1,064.00",New,hennkulaz0,93.3% positive
Apple iPhone 14 Pro Max 128GB 256GB 512GB 1TB Unlocked All Colours - Very Good,GBP 764.00,Very Good - Refurbished,Loop_Mobile,98.7% positive
"I14 Pro Max Unlocked Smartphone, 6.1"" HD 4GB 64GB Dual SIM Unlocked 16MP Camera",US $94.99,New,cheo1331jose,100% positive
Apple iPhone 14 Pro Max 256GB Unlocked Excellent Condition - All Colors,US $629.99,Excellent - Refurbished,ItsWorthMore,98.7% positive
Apple iPhone 14 Pro Max A2894 - 256GB - Deep Purple (Unlocked)-,EUR 625.00,Used,submaximal,100% positive
BLACK FRIDAY! Apple iPhone 16 Pro Max 256gb Desert Titanium (Unlocked) SEALED UK,"GBP 1,249.00",New,TCEL UK,100% positive
Apple iPhone 16 Pro Max 256GB Titanium Black NEW-,"EUR 1,849.00",New,Onlinehandel-McQueen,100% positive
Apple iPhone 16 Pro Max 512 GB - Desert Titanium - SIM CARD + E-SIM - 2 DAY SHIP,"C $2,650.00",New,SSIncCA,96.8% positive
"Apple iPhone 16 Pro Max A3297 6.9"" Real Dual Sim A 18Pro 48MP Phone By FedEx","US $1,647.92",New,bq_shop estore,91.7% positive
Apple iPhone 16 Pro Max - 1 TB - Desert Titanium (Unlocked),"US $1,900.00",New,reyus-pltyj,100% positive
Brand NEW Unopened Apple iPhone 16 Pro Max - 256GB - Desert Titanium (Unlocked),"GBP 1,050.00",New,fasikgebr_0,100% positive
"New Apple iPhone 16 Pro Max 6.9""Real Dual Sim OLED A 18Pro 48MP Phone By FedEx","US $1,897.81",New,bq_shop estore,91.7% positive
Apple iPhone 16 Pro Max New Sealed Dual ESIM USA Preorder Ships 09/20,"US $1,899.99",New,FastShipCanada,100% positive
Apple iPhone 16 Pro Max - 256 GB - Desert Titanium (Unlocked),"US $1,400.00",New,reyus-pltyj,100% positive
Apple iPhone 16 Pro Max 256GB Black Titanium  New Sealed 1 Year Apple Warranty,"GBP 1,098.00",New,please-sell-to-me,100% positive
Ô£ø Apple iPhone 16 Pro Max & 16 Pro (Unlocked) BRAND NEW SEALED Ô£ø Ready to ship Ô£ø,"GBP 2,499.00",New,gwappa,100% positive
Apple iPhone 16 Pro Max 1TB Titanium Titanium White NEW-,"EUR 2,349.00",New,Onlinehandel-McQueen,100% positive
Apple iPhone 16 PRO MAX 1TB BLACK TITANIUM UNLOCKED SEALED 1 YEAR APPLE WARRANTY,"GBP 1,449.00",New,sunny_super_star,100% positive
"APPLE 2024 iPHONE 16 PRO MAX 6.9"" 256/512GB/1TB UNLOCKED (A3297 REAL DUAL SIM)","AU $3,545.00",New,Ewa Online,100% positive
Apple iPhone 16 Pro Max 1TB Titanium Titanium Natural NEW-,"EUR 2,349.00",New,Onlinehandel-McQueen,100% positive
Case For iPhone 15 14 13 12 11 16 Pro Max SE Shockproof Magnetic Silicone Cover,GBP 7.99,New,wormob_0,98.5% positive
Apple iPhone 14 Pro 256GB Unlocked Very Good Condition - All Colors,US $544.99,Very Good - Refurbished,ItsWorthMore,98.7% positive
„ÄêHOT„ÄëApple iPhone XR|iPhone 6 Plus-16GB/64GB/128GB-ALL COLORS Unlocked-Good iPUN,US $54.69,Used,Mobiledigitalproducts,50% positive
iPhone 14 Pro Max 128GB Space Black Unlocked Apple 1290x2796 Super Retina XDR 5G,GBP 600.00,New,thealmighty1ne,100% positive
